{
  "paper": {
    "L0": 1.455357,
    "L1": 0.411484,
    "L2": 0.069274,
    "L3": 0.006398
  },
  "measured": {
    "flat": {
      "L0": [
        -0.0006152997114354254,
        0.0006737091573856907
      ],
      "L1": [
        null,
        null
      ],
      "L2": [
        null,
        null
      ],
      "L3": [
        null,
        null
      ]
    },
    "+autonomic": {
      "L0": [
        -0.0001395770509233746,
        0.0006507503732027471
      ],
      "L1": [
        -0.0005294219342718036,
        0.0006688984304139635
      ],
      "L2": [
        null,
        null
      ],
      "L3": [
        null,
        null
      ]
    },
    "+meta": {
      "L0": [
        9.459598637627531e-05,
        0.00017836115518334486
      ],
      "L1": [
        0.0004345210950999701,
        0.00022894389746060643
      ],
      "L2": [
        0.0,
        0.0
      ],
      "L3": [
        null,
        null
      ]
    },
    "full": {
      "L0": [
        5.1953274715495715e-05,
        0.0004530358969601603
      ],
      "L1": [
        5.687074304400946e-06,
        0.0005815253136262205
      ],
      "L2": [
        0.0,
        0.0
      ],
      "L3": [
        0.0,
        0.0
      ]
    }
  }
}