{
  "paper": {
    "L0": 1.455357,
    "L1": 0.411484,
    "L2": 0.069274,
    "L3": 0.006398
  },
  "measured": {
    "flat": {
      "L0": [
        -0.0004587542745238942,
        0.0024555814764901274
      ],
      "L1": [
        null,
        null
      ],
      "L2": [
        null,
        null
      ],
      "L3": [
        null,
        null
      ]
    },
    "full": {
      "L0": [
        0.0012206714995848245,
        0.003122865689098216
      ],
      "L1": [
        0.0020968996817092183,
        0.0005305281722473054
      ],
      "L2": [
        null,
        null
      ],
      "L3": [
        null,
        null
      ]
    }
  }
}