{
  "paper": {
    "L0": 1.455357,
    "L1": 0.411484,
    "L2": 0.069274,
    "L3": 0.006398
  },
  "measured": {
    "flat": {
      "L0": [
        4.2922852676602455e-05,
        0.0004179466855081058
      ],
      "L1": [
        null,
        null
      ],
      "L2": [
        null,
        null
      ],
      "L3": [
        null,
        null
      ]
    },
    "+autonomic": {
      "L0": [
        -0.000502636811399636,
        0.00031109297634702337
      ],
      "L1": [
        -0.0010235913866234417,
        0.00021800430462433557
      ],
      "L2": [
        null,
        null
      ],
      "L3": [
        null,
        null
      ]
    },
    "+meta": {
      "L0": [
        -2.8524418412442938e-05,
        0.00034421824183843093
      ],
      "L1": [
        -0.00019712429399396445,
        0.00018347663809756103
      ],
      "L2": [
        0.0,
        0.0
      ],
      "L3": [
        null,
        null
      ]
    },
    "full": {
      "L0": [
        2.177237416075479e-05,
        0.0003421936696484667
      ],
      "L1": [
        -0.0003350739277569007,
        0.00029899008718996684
      ],
      "L2": [
        0.0,
        0.0
      ],
      "L3": [
        0.0,
        0.0
      ]
    }
  }
}