{
  "paper": {
    "L0": 1.455357,
    "L1": 0.411484,
    "L2": 0.069274,
    "L3": 0.006398
  },
  "measured": {
    "flat": {
      "L0": [
        -2.5394530943724063e-05,
        0.0004518287478469616
      ],
      "L1": [
        null,
        null
      ],
      "L2": [
        null,
        null
      ],
      "L3": [
        null,
        null
      ]
    },
    "+autonomic": {
      "L0": [
        -0.00019533580014457125,
        0.00046773443520188807
      ],
      "L1": [
        -0.0006160506458845022,
        0.0002709584695739262
      ],
      "L2": [
        null,
        null
      ],
      "L3": [
        null,
        null
      ]
    },
    "+meta": {
      "L0": [
        -0.000393909879923305,
        0.0003815280906465315
      ],
      "L1": [
        -0.000754879692534665,
        0.0002672845092070693
      ],
      "L2": [
        -0.0015042601109124677,
        0.0009408173020225717
      ],
      "L3": [
        null,
        null
      ]
    },
    "full": {
      "L0": [
        0.00010501962931362635,
        0.0002776273720886542
      ],
      "L1": [
        4.543120825309501e-05,
        0.00022249336593474552
      ],
      "L2": [
        0.0035154589287343164,
        0.00047266510776158914
      ],
      "L3": [
        0.0,
        0.0
      ]
    }
  }
}