{
  "bench_id": "bench-0019de8c200fe-2726cbca",
  "n_seeds": 3,
  "conditions": [
    "flat",
    "+autonomic",
    "+meta",
    "full"
  ],
  "suite": "harder",
  "seed_run_ids": [
    "0019de8c200ff-32b7e341",
    "0019de90023dc-d5a7d6f7",
    "0019de93cc458-568e0273"
  ],
  "per_condition": {
    "flat": {
      "n_seeds": 3,
      "pass_pow_k_per_seed": [
        0.5120000000000001,
        0.4909615912208504,
        0.5120000000000001
      ],
      "pass_pow_k_mean": 0.5049871970736168,
      "pass_pow_k_std": 0.009917601008740897,
      "pass_pow_k_bootstrap_ci": [
        0.4909615912208504,
        0.5120000000000001
      ],
      "pass_pow_k_bootstrap_std": 0.005733487503530854,
      "mean_score_per_seed": [
        0.8,
        0.7888888888888889,
        0.8
      ],
      "cost_per_seed": [
        1.394583,
        1.422663,
        1.431801
      ],
      "total_cost": 4.249047
    },
    "+autonomic": {
      "n_seeds": 3,
      "pass_pow_k_per_seed": [
        0.37671467764060357,
        0.4705075445816187,
        0.4125692729766804
      ],
      "pass_pow_k_mean": 0.4199304983996342,
      "pass_pow_k_std": 0.03864294849041585,
      "pass_pow_k_bootstrap_ci": [
        0.37671467764060357,
        0.4705075445816187
      ],
      "pass_pow_k_bootstrap_std": 0.022659440610516605,
      "mean_score_per_seed": [
        0.7222222222222222,
        0.7777777777777778,
        0.7444444444444445
      ],
      "cost_per_seed": [
        1.620606,
        1.413165,
        1.390179
      ],
      "total_cost": 4.42395
    },
    "+meta": {
      "n_seeds": 3,
      "pass_pow_k_per_seed": [
        0.4909615912208504,
        0.39437037037037026,
        0.39437037037037026
      ],
      "pass_pow_k_mean": 0.426567443987197,
      "pass_pow_k_std": 0.04553353817764131,
      "pass_pow_k_bootstrap_ci": [
        0.39437037037037026,
        0.4909615912208504
      ],
      "pass_pow_k_bootstrap_std": 0.026012844500718828,
      "mean_score_per_seed": [
        0.7888888888888889,
        0.7333333333333333,
        0.7333333333333333
      ],
      "cost_per_seed": [
        1.403175,
        1.508607,
        1.580463
      ],
      "total_cost": 4.4922450000000005
    },
    "full": {
      "n_seeds": 3,
      "pass_pow_k_per_seed": [
        0.5120000000000001,
        0.31135939643347055,
        0.4705075445816187
      ],
      "pass_pow_k_mean": 0.4312889803383631,
      "pass_pow_k_std": 0.086478262339396,
      "pass_pow_k_bootstrap_ci": [
        0.31135939643347055,
        0.5120000000000001
      ],
      "pass_pow_k_bootstrap_std": 0.05064330282435811,
      "mean_score_per_seed": [
        0.8,
        0.6777777777777778,
        0.7777777777777778
      ],
      "cost_per_seed": [
        1.353609,
        1.801362,
        1.453332
      ],
      "total_cost": 4.608303
    }
  }
}