{
  "paper": {
    "L0": 1.455357,
    "L1": 0.411484,
    "L2": 0.069274,
    "L3": 0.006398
  },
  "measured": {
    "flat": {
      "L0": [
        5.642757103718715e-05,
        0.00047163258794559015
      ],
      "L1": [
        null,
        null
      ],
      "L2": [
        null,
        null
      ],
      "L3": [
        null,
        null
      ]
    },
    "+autonomic": {
      "L0": [
        -3.560942738072629e-05,
        0.00042235539415542376
      ],
      "L1": [
        -0.00019785306612268638,
        0.0002742660752135489
      ],
      "L2": [
        null,
        null
      ],
      "L3": [
        null,
        null
      ]
    },
    "+meta": {
      "L0": [
        -0.0002353366108753775,
        0.00020140197936638484
      ],
      "L1": [
        -0.00045112633821173226,
        0.00013915131998423484
      ],
      "L2": [
        0.0005515060711966728,
        0.0016291735552472905
      ],
      "L3": [
        null,
        null
      ]
    },
    "full": {
      "L0": [
        0.0001943597222999652,
        0.0003452420365177236
      ],
      "L1": [
        0.00028626577946313196,
        0.0001783049677711675
      ],
      "L2": [
        0.0,
        0.0
      ],
      "L3": [
        0.0,
        0.0
      ]
    }
  }
}