{
  "paper": {
    "L0": 1.455357,
    "L1": 0.411484,
    "L2": 0.069274,
    "L3": 0.006398
  },
  "measured": {
    "flat": {
      "L0": [
        -0.001223613411316843,
        0.0008511072637008755
      ],
      "L1": [
        null,
        null
      ],
      "L2": [
        null,
        null
      ],
      "L3": [
        null,
        null
      ]
    },
    "+autonomic": {
      "L0": [
        -0.0008478583905133142,
        0.00031302766708783756
      ],
      "L1": [
        -0.0009734014117148785,
        0.0003781931043293081
      ],
      "L2": [
        null,
        null
      ],
      "L3": [
        null,
        null
      ]
    },
    "+meta": {
      "L0": [
        -0.00015060754264905506,
        0.0001670087388435567
      ],
      "L1": [
        -0.0005078029809677461,
        0.00021800712487865092
      ],
      "L2": [
        0.0030353301907086543,
        0.0016817180239926204
      ],
      "L3": [
        null,
        null
      ]
    },
    "full": {
      "L0": [
        -0.0007462589717345421,
        0.00017178793654040815
      ],
      "L1": [
        -0.0019066080707753252,
        0.000236374319166083
      ],
      "L2": [
        0.0013708503348158255,
        1.639408229994935e-05
      ],
      "L3": [
        0.0,
        0.0
      ]
    }
  }
}