{
  "paper": {
    "L0": 1.455357,
    "L1": 0.411484,
    "L2": 0.069274,
    "L3": 0.006398
  },
  "measured": {
    "flat": {
      "L0": [
        0.000320853928997249,
        0.0007874467738726149
      ],
      "L1": [
        null,
        null
      ],
      "L2": [
        null,
        null
      ],
      "L3": [
        null,
        null
      ]
    },
    "+autonomic": {
      "L0": [
        -3.026346725581233e-05,
        0.0007008435607382915
      ],
      "L1": [
        0.00028463785164112304,
        0.0005214869932566646
      ],
      "L2": [
        null,
        null
      ],
      "L3": [
        null,
        null
      ]
    },
    "+meta": {
      "L0": [
        0.00016159211695023398,
        0.0003399890116760373
      ],
      "L1": [
        3.464111327317958e-05,
        0.00021014578814455362
      ],
      "L2": [
        0.004086940071620184,
        0.0049346563974170905
      ],
      "L3": [
        null,
        null
      ]
    },
    "full": {
      "L0": [
        -0.00020666242061605745,
        0.000509875139638107
      ],
      "L1": [
        -0.0012977189385535357,
        0.0005311917148457195
      ],
      "L2": [
        0.00959438724291574,
        0.011457934030210249
      ],
      "L3": [
        0.0,
        0.0
      ]
    }
  }
}