{
  "bench_id": "bench-0019deb121b40-f8fbe633",
  "n_seeds": 3,
  "conditions": [
    "flat",
    "+autonomic",
    "+meta",
    "full"
  ],
  "suite": "harder",
  "seed_run_ids": [
    "0019deb121b40-8140cf94",
    "0019deb456842-9e6b2522",
    "0019deb722b05-5f98d99f"
  ],
  "per_condition": {
    "flat": {
      "n_seeds": 3,
      "pass_pow_k_per_seed": [
        0.602161865569273,
        0.4125692729766804,
        0.4705075445816187
      ],
      "pass_pow_k_mean": 0.49507956104252404,
      "pass_pow_k_std": 0.07932706888240798,
      "pass_pow_k_bootstrap_ci": [
        0.4125692729766804,
        0.602161865569273
      ],
      "pass_pow_k_bootstrap_std": 0.04567378585981527,
      "mean_score_per_seed": [
        0.8444444444444444,
        0.7444444444444445,
        0.7777777777777778
      ],
      "cost_per_seed": [
        4.45818,
        4.114185,
        4.0961549999999995
      ],
      "total_cost": 12.66852
    },
    "+autonomic": {
      "n_seeds": 3,
      "pass_pow_k_per_seed": [
        0.39437037037037026,
        0.5336310013717421,
        0.5558628257887517
      ],
      "pass_pow_k_mean": 0.49462139917695475,
      "pass_pow_k_std": 0.0714668458648771,
      "pass_pow_k_bootstrap_ci": [
        0.39437037037037026,
        0.5558628257887517
      ],
      "pass_pow_k_bootstrap_std": 0.04193775636795124,
      "mean_score_per_seed": [
        0.7333333333333333,
        0.8111111111111111,
        0.8222222222222222
      ],
      "cost_per_seed": [
        3.822975,
        3.835455,
        5.537745
      ],
      "total_cost": 13.196175
    },
    "+meta": {
      "n_seeds": 3,
      "pass_pow_k_per_seed": [
        0.7023319615912207,
        0.4506296296296297,
        0.7563347050754458
      ],
      "pass_pow_k_mean": 0.636432098765432,
      "pass_pow_k_std": 0.13321909830219875,
      "pass_pow_k_bootstrap_ci": [
        0.4506296296296297,
        0.7563347050754458
      ],
      "pass_pow_k_bootstrap_std": 0.07752006306765107,
      "mean_score_per_seed": [
        0.8888888888888888,
        0.7666666666666667,
        0.9111111111111111
      ],
      "cost_per_seed": [
        8.20302,
        4.8243599999999995,
        7.691925
      ],
      "total_cost": 20.719305
    },
    "full": {
      "n_seeds": 3,
      "pass_pow_k_per_seed": [
        0.6509629629629631,
        0.4705075445816187,
        0.7563347050754458
      ],
      "pass_pow_k_mean": 0.6259350708733425,
      "pass_pow_k_std": 0.11802284512140933,
      "pass_pow_k_bootstrap_ci": [
        0.4705075445816187,
        0.7563347050754458
      ],
      "pass_pow_k_bootstrap_std": 0.0687909253593553,
      "mean_score_per_seed": [
        0.8666666666666667,
        0.7777777777777778,
        0.9111111111111111
      ],
      "cost_per_seed": [
        4.6383600000000005,
        4.2961350000000005,
        7.51629
      ],
      "total_cost": 16.450785
    }
  }
}