{
  "opus|0019deb121b40-8140cf94|flat": -0.002617403379971208,
  "opus|0019deb121b40-8140cf94|+autonomic": 4.3184944514190484e-05,
  "opus|0019deb121b40-8140cf94|+meta": -0.0025540545491486706,
  "opus|0019deb121b40-8140cf94|full": 0.002518889253824702,
  "opus|0019deb456842-9e6b2522|flat": -0.006095765351625274,
  "opus|0019deb456842-9e6b2522|+autonomic": -0.005429093234181104,
  "opus|0019deb456842-9e6b2522|+meta": -0.0017423661231182714,
  "opus|0019deb456842-9e6b2522|full": -0.0025739285819272074,
  "opus|0019deb722b05-5f98d99f|flat": -0.00018863111420452475,
  "opus|0019deb722b05-5f98d99f|+autonomic": -0.012393833919625305,
  "opus|0019deb722b05-5f98d99f|+meta": 0.002206660826044261,
  "opus|0019deb722b05-5f98d99f|full": 0.005003774527485637,
  "sonnet|0019de8c200ff-32b7e341|flat": -0.0043662990894589295,
  "sonnet|0019de8c200ff-32b7e341|+autonomic": -0.01345983768727883,
  "sonnet|0019de8c200ff-32b7e341|+meta": -0.006070553708655913,
  "sonnet|0019de8c200ff-32b7e341|full": 0.006697316300999733,
  "sonnet|0019de90023dc-d5a7d6f7|flat": -0.007345125223804863,
  "sonnet|0019de90023dc-d5a7d6f7|+autonomic": -0.012646937257474575,
  "sonnet|0019de90023dc-d5a7d6f7|+meta": -0.008039316024099925,
  "sonnet|0019de90023dc-d5a7d6f7|full": 0.001139860932038467,
  "sonnet|0019de93cc458-568e0273|flat": -0.004483917420723017,
  "sonnet|0019de93cc458-568e0273|+autonomic": -0.008990581929892908,
  "sonnet|0019de93cc458-568e0273|+meta": -0.014312038612495397,
  "sonnet|0019de93cc458-568e0273|full": 0.003466499445888524
}