{
  "opus|0019deb121b40-8140cf94|flat": -0.003612059558770462,
  "opus|0019deb121b40-8140cf94|+autonomic": -0.0010212091911466483,
  "opus|0019deb121b40-8140cf94|+meta": 0.0011793407542430637,
  "opus|0019deb121b40-8140cf94|full": 0.0002544520175773016,
  "opus|0019deb456842-9e6b2522|flat": 0.001136635417324576,
  "opus|0019deb456842-9e6b2522|+autonomic": -0.0001742138724041526,
  "opus|0019deb456842-9e6b2522|+meta": 0.001976094105924144,
  "opus|0019deb456842-9e6b2522|full": -0.0014799460212068705,
  "opus|0019deb722b05-5f98d99f|flat": -0.005707708816959956,
  "opus|0019deb722b05-5f98d99f|+autonomic": -0.00833162655153082,
  "opus|0019deb722b05-5f98d99f|+meta": -0.0020706195806576423,
  "opus|0019deb722b05-5f98d99f|full": -0.009739389595534309,
  "sonnet|0019de8c200ff-32b7e341|flat": 0.0005314221324977176,
  "sonnet|0019de8c200ff-32b7e341|+autonomic": -0.00683542255139361,
  "sonnet|0019de8c200ff-32b7e341|+meta": -9.311953291030443e-05,
  "sonnet|0019de8c200ff-32b7e341|full": 0.000346290728104442,
  "sonnet|0019de90023dc-d5a7d6f7|flat": -8.891856261917819e-05,
  "sonnet|0019de90023dc-d5a7d6f7|+autonomic": -0.0017960755184323496,
  "sonnet|0019de90023dc-d5a7d6f7|+meta": -0.0044100129634012,
  "sonnet|0019de90023dc-d5a7d6f7|full": 0.0012348163594527242,
  "sonnet|0019de93cc458-568e0273|flat": 0.0005562691550158103,
  "sonnet|0019de93cc458-568e0273|+autonomic": -0.00033659994106226894,
  "sonnet|0019de93cc458-568e0273|+meta": -0.004056303021466369,
  "sonnet|0019de93cc458-568e0273|full": 0.0024592208761264156
}